LoaiNha,DienTich,GiaBan,SoPhong,SoTang,HuongNha,NamXayDung,KhoangCachTT,PhapLy,NgayDang
Biệt thự,41,9052252659.249107,1,2,Đông,1991,0.6581941850341222,Sổ đỏ,2024-04-15
Nhà đất,388,3031725873.4055247,7,2,Tây,2011,14.086716446748664,Sổ hồng,2024-05-02
Chung cư,292,9420274833.845596,9,1,Bắc,2015,11.948291096238695,Hợp đồng mua bán,2023-06-20
Chung cư,163,6440673163.46617,2,3,Tây,2018,0.04466694552111905,Hợp đồng mua bán,2024-07-26
Chung cư,376,19619769074.759083,4,4,Đông,2015,16.074691599017783,Sổ hồng,2024-04-19
Chung cư,194,6293914653.646544,9,4,Tây,2015,9.605390590349224,Sổ đỏ,2023-12-10
Biệt thự,367,10427857684.389273,7,3,Nam,1999,15.735491837067476,Sổ hồng,2023-02-09
Chung cư,47,7481604939.687314,6,1,Tây,1999,18.46694897063959,Sổ hồng,2023-12-11
Biệt thự,427,16913008267.492315,1,1,Nam,2006,0.6788915964877251,Sổ hồng,2023-07-29
Chung cư,493,15470480525.983995,1,2,Tây,2023,8.409150535929982,Sổ đỏ,2024-07-20
Biệt thự,221,7102834399.482379,9,2,Tây,2010,0.24768306121776718,Sổ đỏ,2023-09-23
Nhà đất,132,8392843347.720291,3,4,Nam,1990,19.691224168731306,Sổ hồng,2024-04-05
Nhà đất,221,19286864953.191612,1,2,Nam,1997,13.50430614990104,Sổ đỏ,2023-11-14
Biệt thự,158,15567457380.722565,5,1,Bắc,2009,8.020824100051138,Sổ đỏ,2024-06-03
Nhà đất,328,2382542588.2341676,9,1,Đông,2015,14.569154019770194,Hợp đồng mua bán,2024-05-31
Chung cư,66,3887709565.471117,4,4,Đông,2001,6.3719266618768415,Hợp đồng mua bán,2023-08-03
Nhà đất,337,5732566577.165097,8,2,Nam,2012,9.514188530375282,Sổ đỏ,2024-09-23
Biệt thự,480,7311259739.979206,3,4,Bắc,2008,10.335881350634342,Sổ đỏ,2023-11-12
Biệt thự,148,8846189133.608511,3,4,Nam,2006,13.409848766121257,Sổ hồng,2024-07-01
Chung cư,376,13382473952.745607,9,2,Nam,2005,13.349637624600685,Sổ hồng,2023-01-02
Chung cư,433,6723577192.081191,5,4,Đông,1999,2.9663025073672133,Sổ hồng,2024-04-10
Biệt thự,445,15056998504.700842,9,4,Đông,2005,2.3955031155323048,Sổ đỏ,2023-07-05
Chung cư,304,16747390065.1026,4,1,Bắc,1999,17.972580020935162,Hợp đồng mua bán,2023-01-18
Biệt thự,424,10888492813.402132,9,1,Tây,2019,10.454316401767025,Sổ đỏ,2023-04-01
Biệt thự,322,13959482688.384235,8,4,Bắc,2015,5.500645201274478,Sổ hồng,2024-02-18
Chung cư,115,4698460755.800226,1,3,Tây,1991,8.150894547864036,Sổ đỏ,2023-10-25
Chung cư,251,5410602673.646802,4,4,Đông,1991,1.168433880122779,Hợp đồng mua bán,2024-07-04
Biệt thự,393,8940049262.11964,9,2,Tây,2009,2.004827208038269,Hợp đồng mua bán,2024-08-01
Biệt thự,138,15666591802.888079,9,4,Nam,2006,1.4601862245143482,Hợp đồng mua bán,2024-06-22
Chung cư,388,5593207558.490708,1,1,Tây,1995,12.750468535640668,Sổ hồng,2024-05-08
Chung cư,213,8161646986.430407,5,4,Bắc,2010,17.796296286791602,Sổ đỏ,2024-10-10
Nhà đất,306,4363462092.260997,6,4,Bắc,2013,17.02312087134941,Sổ hồng,2023-01-11
Biệt thự,415,12040101927.351412,9,2,Tây,2016,8.970935463856664,Hợp đồng mua bán,2024-05-05
Biệt thự,52,2392842826.1546044,9,1,Tây,2009,4.707227991925677,Sổ hồng,2024-09-24
Chung cư,121,16317811537.164974,5,2,Bắc,1993,19.19800864499642,Sổ đỏ,2024-06-14
Biệt thự,144,18607306620.763405,7,3,Bắc,2004,15.520171031692112,Hợp đồng mua bán,2024-03-19
Chung cư,160,6440809099.1254635,3,3,Tây,2017,11.146498693341925,Sổ đỏ,2023-01-04
Biệt thự,31,19322609162.715286,5,3,Tây,1999,7.160798747486767,Hợp đồng mua bán,2023-10-19
Biệt thự,251,5939618594.8710165,3,4,Đông,2006,19.04051255382325,Sổ hồng,2024-05-13
Nhà đất,90,18735323017.371853,2,2,Tây,2014,11.4935969150744,Sổ hồng,2024-02-25
Chung cư,272,13602907239.082825,8,2,Tây,1993,2.698692107531211,Sổ hồng,2024-10-25
Biệt thự,117,4856427997.047062,8,2,Đông,2016,1.7298236998626648,Hợp đồng mua bán,2024-06-02
Biệt thự,180,11762863868.89039,5,2,Tây,1995,2.972184298837819,Sổ đỏ,2023-09-17
Biệt thự,152,7133238876.645009,7,1,Đông,2020,6.225707849376367,Hợp đồng mua bán,2023-08-28
Chung cư,336,15747162214.806791,3,4,Bắc,2022,5.923419751871619,Sổ đỏ,2024-07-23
Biệt thự,146,14660642113.739275,9,1,Bắc,2015,3.6663298419467405,Hợp đồng mua bán,2023-12-12
Biệt thự,45,5761339389.664095,7,4,Bắc,1993,2.711270375053232,Sổ đỏ,2023-04-13
Chung cư,460,17310371598.87418,1,4,Tây,2011,16.542133717787287,Sổ hồng,2024-07-10
Biệt thự,256,15281958190.102837,3,2,Bắc,2023,1.2832127451340614,Sổ hồng,2024-06-05
Nhà đất,284,9246095550.666971,3,1,Bắc,2022,12.921257362223315,Sổ hồng,2023-10-25
Biệt thự,142,17992666228.15598,2,4,Tây,1992,19.653812987683253,Sổ đỏ,2024-01-15
Biệt thự,381,7555812115.537893,9,3,Tây,1999,2.587400936307358,Sổ hồng,2023-10-13
Nhà đất,131,17473213862.047016,6,3,Đông,1998,13.541664851772683,Sổ đỏ,2023-05-07
Nhà đất,459,4633508681.20996,6,3,Nam,2011,6.276586247945244,Sổ đỏ,2023-01-11
Nhà đất,254,1807346433.832262,2,2,Tây,2021,7.540898742591448,Sổ hồng,2024-08-11
Nhà đất,261,11438121372.45555,8,3,Nam,1995,0.01846693731422766,Sổ hồng,2024-10-06
Nhà đất,330,4233317277.3323255,9,1,Tây,2013,11.303457254396696,Sổ hồng,2024-08-25
Nhà đất,41,14917405454.022326,7,1,Bắc,2011,15.335381833673091,Sổ hồng,2024-01-28
Nhà đất,51,10865001393.271645,2,2,Tây,1998,2.5669774019120983,Sổ hồng,2024-03-26
Biệt thự,354,10176336366.964922,6,4,Nam,2015,17.95914946549845,Hợp đồng mua bán,2023-06-12
Nhà đất,333,11987917835.610867,8,3,Nam,2016,0.8744653196243113,Hợp đồng mua bán,2023-07-11
Chung cư,252,14859514890.522118,3,4,Tây,2016,1.7801099993732517,Sổ đỏ,2024-02-08
Chung cư,326,17307749709.392242,3,3,Tây,2015,12.827699809073811,Hợp đồng mua bán,2024-02-03
Biệt thự,426,1871903565.656053,2,1,Bắc,1991,11.513538805936374,Sổ hồng,2024-03-14
Nhà đất,46,18909832125.47735,1,2,Tây,1998,16.87316308076637,Sổ đỏ,2023-06-23
Chung cư,54,1560397343.5659566,3,2,Đông,1991,14.300735170568545,Sổ hồng,2023-03-30
Biệt thự,450,4695296074.0863495,2,4,Tây,2006,14.410358974832087,Sổ hồng,2024-07-29
Chung cư,247,17767843716.569504,8,2,Đông,2012,12.431614567784626,Sổ đỏ,2023-05-24
Chung cư,369,2515149019.152546,5,1,Tây,1995,9.862038992210273,Hợp đồng mua bán,2023-05-12
Chung cư,220,2464580914.7026124,9,3,Đông,2020,7.0065384679774105,Sổ hồng,2024-03-28
Nhà đất,204,15737272211.916407,9,2,Nam,2000,1.9599654821109103,Hợp đồng mua bán,2023-05-30
Chung cư,183,19042703508.859085,3,4,Tây,2004,1.0192271710094558,Sổ hồng,2023-11-28
Nhà đất,42,6931136066.62673,3,4,Nam,2009,10.148012783475266,Hợp đồng mua bán,2023-10-09
Biệt thự,269,15504799022.13946,3,1,Bắc,2023,3.7753415270592883,Sổ hồng,2023-05-27
Nhà đất,175,17330612100.028385,6,3,Tây,1996,1.540393251082497,Hợp đồng mua bán,2024-05-16
Biệt thự,72,2794245561.5829167,6,3,Bắc,2011,19.64892603642163,Hợp đồng mua bán,2023-07-18
Chung cư,487,12542755574.551937,7,3,Bắc,2014,8.792891003726808,Sổ đỏ,2023-02-27
Nhà đất,275,18888085650.867825,8,4,Đông,2004,14.497741594732945,Sổ hồng,2023-06-01
Chung cư,252,11136274118.461277,1,3,Đông,2007,12.869619969755457,Sổ hồng,2024-04-20
Nhà đất,474,14132986771.880808,8,3,Đông,2020,11.985121670966734,Hợp đồng mua bán,2024-01-10
Chung cư,202,19657482708.93506,8,4,Đông,1992,17.35777438338618,Sổ hồng,2023-09-25
Chung cư,86,19164476065.475327,2,2,Bắc,2009,0.7510075343017975,Sổ hồng,2024-03-24
Chung cư,474,4945951423.224358,6,2,Đông,2012,19.74167758047592,Hợp đồng mua bán,2023-11-16
Biệt thự,206,11410085152.405327,2,3,Nam,1998,0.37281051633000883,Sổ hồng,2024-05-07
Biệt thự,329,9978440577.485674,5,1,Đông,2018,2.4305168158171653,Sổ hồng,2023-05-29
Nhà đất,101,2136385959.7999122,2,4,Đông,1991,16.500113762111198,Sổ hồng,2024-02-14
Chung cư,214,5132464248.6512165,2,3,Bắc,1995,5.738670128466083,Sổ hồng,2023-06-11
Biệt thự,354,4631070095.408923,5,3,Bắc,2008,10.694790746529247,Sổ hồng,2024-04-10
Chung cư,372,9117554576.39958,3,1,Bắc,2022,4.806641007211699,Sổ đỏ,2024-03-23
Chung cư,223,16139510920.786182,5,1,Đông,2020,15.459948916119576,Sổ hồng,2024-01-20
Biệt thự,384,5948701392.763141,1,2,Tây,2003,6.698038501263279,Sổ hồng,2024-04-29
Biệt thự,212,4762690875.176565,2,2,Bắc,2023,16.610593036264525,Sổ hồng,2023-04-19
Biệt thự,395,6294628620.97013,5,3,Nam,2005,11.156629665181622,Hợp đồng mua bán,2024-09-18
Biệt thự,436,11950851895.75687,7,4,Tây,2014,17.36520147516888,Sổ đỏ,2023-12-25
Nhà đất,353,11318759385.975668,2,4,Nam,2020,2.2070174361777495,Sổ hồng,2023-04-26
Biệt thự,238,6421126214.912836,2,4,Tây,2016,0.4151106966992679,Sổ hồng,2023-02-11
Biệt thự,336,19342888443.069653,1,4,Nam,2016,10.146386316410767,Hợp đồng mua bán,2023-07-07
Nhà đất,182,3868613711.9064665,8,1,Đông,2015,9.353312724263878,Hợp đồng mua bán,2023-07-11
Nhà đất,283,1399041218.8842382,2,4,Đông,2017,6.191392647459546,Hợp đồng mua bán,2023-09-03
Nhà đất,77,6711418528.861687,7,1,Nam,2015,10.352136097294034,Sổ hồng,2024-09-25
Biệt thự,91,7877695138.034685,1,4,Đông,2004,16.27741288513799,Hợp đồng mua bán,2023-03-09
Nhà đất,309,1733142609.7470977,1,1,Bắc,2016,0.5391211127506379,Sổ đỏ,2024-03-10
Biệt thự,189,10862760355.70917,8,2,Đông,1991,4.512404215893541,Sổ đỏ,2024-02-24
Biệt thự,245,16065299696.315733,6,4,Nam,2003,0.5997256340864188,Sổ hồng,2023-08-31
Nhà đất,229,6746768342.60022,3,2,Nam,2004,16.386764652445148,Hợp đồng mua bán,2023-08-29
Biệt thự,377,11634854595.740284,8,2,Bắc,2019,18.513779755799266,Hợp đồng mua bán,2024-08-16
Biệt thự,261,17721438065.332424,9,2,Đông,2009,19.782588089577203,Sổ hồng,2023-05-21
Nhà đất,319,14614696115.136154,7,2,Bắc,1990,5.913821181143724,Hợp đồng mua bán,2023-03-05
Biệt thự,375,2831434105.349473,3,2,Bắc,1992,17.81629375608688,Sổ hồng,2023-01-11
Chung cư,235,7496588885.808124,5,3,Đông,2007,11.316815260720858,Sổ đỏ,2024-07-29
Nhà đất,483,7704088014.923556,8,1,Tây,2016,12.136322650969554,Hợp đồng mua bán,2024-03-16
Biệt thự,276,10597216148.330826,7,2,Bắc,1996,18.02192949170665,Sổ đỏ,2023-03-05
Biệt thự,119,16438563911.955278,4,3,Tây,1991,8.549667767265078,Sổ hồng,2024-10-29
Nhà đất,300,4566015282.261846,8,1,Tây,1993,18.048825829294117,Sổ đỏ,2024-03-06
Biệt thự,209,15101441994.27586,5,2,Tây,2003,12.480295683391153,Sổ hồng,2023-12-04
Chung cư,183,11166392482.905996,9,1,Nam,2016,13.449716800861221,Sổ hồng,2024-07-01
Chung cư,227,18979666107.170555,8,4,Nam,2001,19.362090813983574,Sổ đỏ,2024-01-21
Chung cư,233,5735354592.057041,5,3,Tây,1995,2.859910933305143,Sổ đỏ,2024-02-16
Chung cư,430,6670106165.640168,8,1,Đông,2022,3.91690362120491,Hợp đồng mua bán,2024-02-15
Biệt thự,474,10387510974.117594,3,4,Bắc,1995,15.850998622652988,Sổ đỏ,2023-02-14
Biệt thự,152,7885456204.330114,3,4,Nam,1995,10.00346560578026,Sổ hồng,2023-08-31
Biệt thự,279,16113513356.069002,5,2,Đông,2012,19.53227544261541,Sổ đỏ,2023-10-27
Biệt thự,469,3576374111.697217,8,4,Đông,2022,2.603406557356296,Hợp đồng mua bán,2023-02-01
Chung cư,357,16855046251.965366,6,1,Đông,2009,1.2102721745584089,Hợp đồng mua bán,2023-09-30
Nhà đất,136,17188641956.264435,1,2,Tây,1996,6.283825919345444,Sổ đỏ,2024-05-01
Nhà đất,261,6292249737.844747,6,3,Đông,2018,18.960749993737195,Hợp đồng mua bán,2024-05-15
Nhà đất,367,3988336876.2846837,4,4,Bắc,1994,19.038215580784378,Sổ hồng,2023-07-16
Chung cư,401,6119200420.488719,5,1,Bắc,2016,9.232823914440381,Hợp đồng mua bán,2023-07-13
Chung cư,294,11305808927.238543,1,4,Tây,1998,11.27385659950692,Hợp đồng mua bán,2024-02-26
Biệt thự,101,1308849851.7860398,8,2,Bắc,2008,1.8126816165906323,Sổ đỏ,2023-06-24
Biệt thự,413,18927709311.8613,9,1,Bắc,2003,5.352281130557126,Hợp đồng mua bán,2024-01-24
Biệt thự,415,16736346892.349297,7,2,Tây,2000,0.8609674421108804,Hợp đồng mua bán,2024-04-09
Chung cư,447,15368395809.24149,2,1,Bắc,2006,6.820706405736421,Hợp đồng mua bán,2023-02-12
Biệt thự,173,16867696886.474632,6,1,Đông,2000,11.997970279962614,Hợp đồng mua bán,2023-03-31
Nhà đất,221,12309248526.319405,9,1,Tây,1990,12.201627597435579,Sổ hồng,2024-04-19
Biệt thự,33,15358831470.123335,2,4,Đông,2014,1.3656984158724939,Hợp đồng mua bán,2024-06-30
Nhà đất,345,8718328398.70304,6,4,Nam,2010,5.887983811441897,Hợp đồng mua bán,2023-02-22
Biệt thự,66,17805267866.741753,4,3,Tây,2022,2.419588140013289,Sổ đỏ,2023-09-14
Biệt thự,45,19417521596.490234,4,4,Nam,2000,12.836920771141617,Hợp đồng mua bán,2024-08-06
Biệt thự,65,13713568448.116144,6,4,Nam,1991,3.3874050594756255,Hợp đồng mua bán,2023-12-01
Chung cư,61,13802604778.277172,4,3,Tây,1994,19.40794222414854,Sổ đỏ,2024-06-28
Chung cư,133,2962511051.635964,4,4,Nam,2004,9.522123238895624,Sổ hồng,2024-07-03
Biệt thự,323,1999505065.4502094,3,4,Nam,1993,3.4324115359901497,Hợp đồng mua bán,2023-10-04
Biệt thự,420,2855813861.3256326,4,2,Tây,2002,17.164551466203196,Hợp đồng mua bán,2023-10-12
Biệt thự,404,18957402388.286236,7,1,Tây,2016,10.51229705439519,Sổ đỏ,2024-05-10
Nhà đất,339,2923215862.877763,5,2,Đông,2010,16.833817824834856,Hợp đồng mua bán,2023-03-28
Nhà đất,467,15073184718.562342,3,2,Bắc,2022,2.7747856910658353,Sổ hồng,2024-01-18
Chung cư,373,16075572348.942873,4,2,Tây,2017,5.472564461830014,Sổ hồng,2024-05-01
Chung cư,76,13801722619.907764,8,1,Bắc,2017,7.94013870581697,Sổ hồng,2023-09-30
Chung cư,378,13481112666.786003,4,3,Tây,1993,8.52491245642552,Sổ hồng,2023-11-09
Biệt thự,99,14980538019.785444,2,1,Tây,2021,19.781432043184562,Sổ hồng,2023-07-24
Nhà đất,299,7432476044.059785,4,2,Đông,2015,3.3090574268458273,Hợp đồng mua bán,2024-09-03
Nhà đất,322,9370755243.799505,9,1,Bắc,2003,0.48627252353295125,Sổ hồng,2023-05-03
Biệt thự,491,6308637942.342269,1,3,Nam,2004,15.073016400373614,Hợp đồng mua bán,2024-10-26
Biệt thự,232,11151384823.941313,4,2,Tây,2018,1.9774408431161716,Hợp đồng mua bán,2024-10-12
Nhà đất,409,16258679291.354416,8,1,Tây,2005,7.274540999387353,Sổ đỏ,2024-08-08
Biệt thự,141,6006356154.487636,2,4,Bắc,1998,9.644217180566407,Sổ đỏ,2024-01-10
Chung cư,434,10674906119.066185,2,2,Bắc,2001,8.64814813009039,Sổ hồng,2023-11-25
Chung cư,77,2078467863.6570387,9,3,Đông,2021,5.112728964314533,Hợp đồng mua bán,2023-02-13
Biệt thự,280,18841775471.42933,5,3,Tây,1991,0.6951564365499974,Sổ hồng,2024-02-04
Nhà đất,52,8294414494.754721,5,3,Nam,1998,4.988069455023942,Sổ hồng,2024-03-04
Chung cư,397,16588296882.42001,8,3,Tây,2016,15.093037040497206,Sổ hồng,2023-04-13
Biệt thự,77,15604209987.229172,2,4,Đông,1993,12.354242991133992,Sổ hồng,2024-08-04
Chung cư,344,5655635542.354931,8,3,Bắc,2005,13.442671196615661,Sổ hồng,2023-05-11
Nhà đất,211,5632197425.484496,6,3,Tây,2001,19.85988709339682,Hợp đồng mua bán,2023-04-18
Nhà đất,399,8975982198.2944,3,2,Đông,2020,19.162089671570072,Hợp đồng mua bán,2023-12-23
Nhà đất,355,1272274116.627845,8,2,Tây,2017,5.825639269748515,Sổ hồng,2024-09-04
Nhà đất,265,17031581975.030434,8,2,Tây,2015,3.4007228854599902,Hợp đồng mua bán,2023-03-15
Nhà đất,389,17877378064.543247,6,1,Bắc,1998,4.012510157916522,Sổ hồng,2023-09-03
Biệt thự,70,7486176195.685658,4,4,Đông,2008,11.265915663002481,Hợp đồng mua bán,2024-10-19
Nhà đất,190,19606911497.059963,3,3,Nam,1991,18.821113722018474,Hợp đồng mua bán,2024-05-23
Chung cư,197,18057375613.23459,3,3,Đông,2003,3.4845257274274344,Sổ đỏ,2023-04-18
Chung cư,474,5209333751.296264,1,3,Tây,1993,4.657882730328032,Sổ đỏ,2024-03-12
Nhà đất,114,7026085410.682271,8,4,Đông,1994,8.416760243876134,Sổ hồng,2023-05-11
Biệt thự,45,18223065541.53304,8,3,Đông,2019,4.689119471248226,Sổ hồng,2024-03-31
Biệt thự,367,7988515684.587265,8,3,Đông,2022,18.220609403253018,Sổ hồng,2023-05-19
Biệt thự,326,13561114442.362036,8,2,Đông,1999,18.772845828631787,Sổ hồng,2024-08-06
Chung cư,80,5227202914.203968,8,3,Đông,2012,6.121542568914933,Sổ đỏ,2023-06-21
Chung cư,238,17218974313.25149,3,1,Tây,1992,19.19748999682229,Sổ hồng,2023-11-14
Biệt thự,297,10439832184.44053,8,2,Tây,2004,12.532723374926267,Sổ hồng,2023-09-22
Nhà đất,230,13227122766.460485,7,4,Đông,2006,2.971265964374763,Hợp đồng mua bán,2023-12-04
Chung cư,99,15285036100.718252,4,1,Bắc,2022,13.96079145579511,Sổ đỏ,2024-07-03
Biệt thự,474,19659915504.704994,5,2,Nam,1999,0.5835788318082491,Hợp đồng mua bán,2023-10-18
Nhà đất,176,5239139305.571091,6,3,Tây,2023,5.162173843853735,Sổ hồng,2023-04-30
Chung cư,477,6424467475.161261,2,3,Nam,2008,7.593382204934455,Sổ hồng,2023-04-21
Chung cư,64,18627453759.387123,4,3,Bắc,1994,1.2857265489044534,Sổ hồng,2023-12-18
Nhà đất,246,1899282571.3735347,4,2,Đông,1996,13.189931411856417,Sổ đỏ,2024-01-21
Chung cư,377,19478195937.129425,1,4,Tây,1998,10.441093926594728,Sổ đỏ,2024-03-21
Chung cư,348,3357552068.567885,5,2,Đông,2017,5.718237260312713,Hợp đồng mua bán,2023-02-23
Biệt thự,149,12257974973.280565,2,4,Đông,2001,9.476156307773518,Hợp đồng mua bán,2023-03-22
Nhà đất,95,1752074816.3578587,8,2,Bắc,2014,19.319046227625133,Sổ đỏ,2023-02-15
Biệt thự,267,17706224548.558533,8,2,Đông,2004,17.08115527455066,Sổ hồng,2024-08-12
Chung cư,342,12314072098.399807,2,1,Bắc,2009,19.569167034571365,Hợp đồng mua bán,2023-12-30
Chung cư,220,4008630005.9528537,8,3,Đông,2003,15.302910000564228,Sổ hồng,2023-12-13
Chung cư,402,12833089019.288198,1,4,Tây,2015,4.949932260844445,Sổ đỏ,2024-10-07
Chung cư,138,19004625867.31816,8,1,Bắc,1998,2.47692170487112,Hợp đồng mua bán,2023-08-30
Biệt thự,169,11607359618.106188,1,3,Bắc,1992,15.889060924771037,Sổ đỏ,2024-06-15
Biệt thự,256,16012791620.927431,6,4,Nam,2021,8.902123553249792,Sổ hồng,2023-06-22
Nhà đất,269,6388947292.626908,7,4,Bắc,2011,16.738579481173776,Sổ hồng,2024-07-01
Nhà đất,357,18119816616.324715,2,2,Nam,2018,19.777361594589877,Sổ đỏ,2023-04-28
Biệt thự,256,4662904754.675218,1,3,Bắc,2014,9.755584563571297,Sổ hồng,2024-06-15
Biệt thự,118,10585940898.119514,2,1,Tây,2008,15.547212664420433,Hợp đồng mua bán,2024-09-25
Nhà đất,145,16908322193.130651,2,2,Nam,1996,11.46905430458996,Sổ hồng,2023-08-13
Nhà đất,238,19502593755.165543,9,4,Bắc,2009,11.680561525351159,Hợp đồng mua bán,2024-09-27
Nhà đất,169,9827026940.70578,2,1,Đông,2010,5.410330575013276,Hợp đồng mua bán,2024-10-08
Biệt thự,491,19106218269.974644,4,3,Tây,1997,6.0803436284974115,Sổ đỏ,2024-10-23
Biệt thự,494,1207938094.911674,9,2,Đông,2000,5.154421511146047,Sổ hồng,2023-02-13
Nhà đất,242,8138553323.759389,1,1,Đông,2023,12.793527408069032,Sổ hồng,2023-05-07
Chung cư,72,17705469755.075947,1,2,Đông,2007,4.784134522813166,Hợp đồng mua bán,2023-10-30
Biệt thự,466,8256398820.100529,6,1,Đông,2009,2.988726005778839,Hợp đồng mua bán,2023-11-05
Chung cư,345,17827436602.227123,7,1,Nam,2003,8.129340141129635,Sổ hồng,2023-10-29
Chung cư,309,1760865901.6880379,6,1,Đông,2004,4.325307243054537,Sổ hồng,2024-04-18
Nhà đất,324,2018335638.774991,7,4,Đông,2022,5.845883731688691,Sổ hồng,2024-10-12
Biệt thự,41,4427063826.556464,3,3,Bắc,1999,7.567864969497737,Hợp đồng mua bán,2024-03-31
Biệt thự,477,17864633848.657475,7,4,Đông,2019,7.833390141324312,Hợp đồng mua bán,2023-12-09
Biệt thự,476,12196662993.065498,7,1,Tây,2007,14.41435887583345,Sổ hồng,2023-09-30
Biệt thự,378,19331425413.48237,1,1,Tây,2023,1.275358970766336,Sổ hồng,2024-06-12
Chung cư,45,4199696063.914336,3,4,Bắc,2006,11.417237599781684,Sổ đỏ,2024-08-10
Biệt thự,119,16564099419.868284,8,3,Bắc,1998,10.43227917570796,Sổ đỏ,2023-09-24
Biệt thự,38,3072543494.223674,8,3,Tây,1991,1.2029759247502159,Sổ đỏ,2023-08-07
Biệt thự,111,11035830757.159576,4,1,Bắc,1999,8.786191301596023,Hợp đồng mua bán,2024-05-02
Chung cư,488,3716476346.491461,7,1,Tây,2019,0.6902099204740941,Hợp đồng mua bán,2023-03-01
Nhà đất,31,8449106889.194453,5,2,Nam,1994,11.998142622176104,Hợp đồng mua bán,2023-12-11
Chung cư,442,1808693777.1706219,2,4,Tây,2004,13.27423885954154,Sổ hồng,2024-03-11
Chung cư,386,12020080905.859959,3,2,Tây,1995,2.7974341645715683,Hợp đồng mua bán,2023-02-08
Nhà đất,56,18863617737.703,3,3,Đông,1994,7.3670944653645565,Hợp đồng mua bán,2023-09-10
Nhà đất,420,8342643464.028507,1,3,Tây,2008,8.488045972246836,Sổ đỏ,2024-05-08
Chung cư,221,14807180179.544373,4,1,Tây,2013,17.22601559618077,Sổ hồng,2024-05-11
Nhà đất,71,9969623428.281921,3,4,Đông,2003,5.628886752884958,Hợp đồng mua bán,2024-09-22
Nhà đất,327,10344630313.928265,5,3,Bắc,2014,11.71688689884424,Sổ hồng,2023-02-04
Nhà đất,243,19143559868.809902,1,2,Đông,2017,17.112426313744006,Sổ đỏ,2024-03-11
Nhà đất,289,18733475182.436756,1,4,Nam,2004,15.242543340541063,Hợp đồng mua bán,2024-10-16
Nhà đất,407,6503513686.625817,8,1,Đông,2001,9.817604382774288,Hợp đồng mua bán,2023-04-24
Chung cư,158,13466475096.73606,2,2,Tây,1990,9.889559539763887,Sổ đỏ,2023-11-14
Nhà đất,491,7597922732.1803875,5,2,Tây,2021,17.898195350129523,Sổ hồng,2023-07-09
Chung cư,295,15107309019.461792,1,1,Đông,2000,9.6984354122939,Sổ hồng,2023-06-30
Nhà đất,297,7918573985.826014,9,2,Tây,2018,0.7642907255621978,Sổ hồng,2024-06-29
Biệt thự,450,10475540835.321669,1,3,Đông,2006,18.731865416257353,Hợp đồng mua bán,2024-01-26
Biệt thự,212,16783338045.721966,1,3,Nam,2010,13.654737816145488,Sổ đỏ,2024-08-01
Chung cư,152,8730497488.794441,6,3,Bắc,2014,8.008236212321709,Sổ đỏ,2023-10-02
Chung cư,142,18169485140.3503,5,4,Nam,2018,0.48020093050069157,Sổ đỏ,2024-04-05
Chung cư,381,2853017012.9231052,3,4,Tây,1995,1.621641185441418,Hợp đồng mua bán,2023-01-26
Biệt thự,128,6767805262.380375,3,2,Tây,2006,2.590989683523881,Hợp đồng mua bán,2023-06-13
Nhà đất,145,6018850234.8982315,2,1,Đông,2019,11.03191761744592,Sổ đỏ,2023-07-24
Biệt thự,327,9972365376.942232,3,4,Đông,1994,19.59848990415335,Hợp đồng mua bán,2023-06-27
Nhà đất,362,15152011751.469799,4,2,Nam,2007,16.400560057841215,Sổ đỏ,2024-05-23
Nhà đất,133,1831476394.1532059,7,4,Bắc,1994,6.274166301821948,Sổ đỏ,2023-04-01
Chung cư,250,12030929239.948912,4,2,Tây,1998,13.992794864417588,Hợp đồng mua bán,2023-02-01
Chung cư,236,19291571660.56098,5,4,Tây,2020,15.157226517584073,Sổ hồng,2023-10-21
Nhà đất,427,4030737112.101702,1,1,Bắc,1997,5.931615542870066,Hợp đồng mua bán,2023-09-07
Chung cư,253,18773118551.926685,3,2,Đông,2010,14.687503904112623,Hợp đồng mua bán,2024-01-31
Chung cư,307,12473003894.647797,1,2,Đông,2001,1.215131138580443,Hợp đồng mua bán,2023-11-02
Biệt thự,281,18763007628.348167,4,4,Nam,2004,12.265118760121815,Hợp đồng mua bán,2023-07-08
Nhà đất,261,15064619091.61503,6,2,Đông,2005,2.9887355005087435,Hợp đồng mua bán,2023-01-12
Nhà đất,455,3034780801.0985484,2,3,Bắc,1990,1.6274662858505207,Hợp đồng mua bán,2023-06-20
Biệt thự,76,8397361472.129894,2,2,Bắc,2007,19.072318153994733,Sổ đỏ,2024-09-22
Chung cư,327,13474232382.015005,2,4,Đông,1996,14.546215877849463,Hợp đồng mua bán,2023-02-11
Biệt thự,231,12850358665.811073,8,3,Bắc,2011,5.065121542553435,Hợp đồng mua bán,2024-03-18
Nhà đất,180,14005666022.388939,2,4,Tây,1992,15.644905403467568,Sổ hồng,2024-08-24
Chung cư,169,15597191371.64588,9,2,Đông,1992,19.065141459579156,Sổ hồng,2023-02-02
Biệt thự,445,13770429739.792824,1,3,Đông,2003,17.134116930709023,Sổ hồng,2023-08-17
Nhà đất,410,3669886111.54842,6,1,Nam,2000,6.2869027677974625,Sổ đỏ,2023-01-13
Chung cư,248,15044677049.811771,4,1,Bắc,1990,18.19224495818619,Sổ hồng,2023-06-25
Chung cư,475,13862829159.470894,1,3,Đông,2005,13.041880106885827,Sổ đỏ,2023-10-20
Chung cư,413,7219420547.594228,1,1,Bắc,2019,17.431342785628477,Hợp đồng mua bán,2024-09-26
Nhà đất,82,14908690754.224062,3,4,Tây,2012,17.737263963762985,Sổ đỏ,2024-05-31
Nhà đất,55,17679654911.0364,6,2,Bắc,2012,13.25244399020175,Sổ hồng,2023-11-24
Nhà đất,396,12320799898.360247,1,3,Tây,1992,4.991926010141325,Hợp đồng mua bán,2023-02-27
Chung cư,113,4817376684.675187,2,4,Bắc,2003,1.7548560147811187,Sổ hồng,2023-07-25
Chung cư,297,12851159878.898037,5,4,Nam,1997,4.560381767611732,Sổ hồng,2024-04-15
Nhà đất,40,17724835326.92562,4,1,Đông,2015,4.521584217310561,Hợp đồng mua bán,2023-02-04
Biệt thự,66,7001637984.857838,7,2,Bắc,2019,17.9826532589558,Sổ đỏ,2024-06-23
Biệt thự,196,7898942883.694975,3,1,Tây,1993,0.6300567165423132,Sổ đỏ,2023-02-06
Nhà đất,36,12283637036.746845,7,4,Bắc,1996,2.296703877780293,Sổ hồng,2024-03-24
Biệt thự,274,1853033683.592658,3,1,Nam,2002,3.5342962910533093,Sổ đỏ,2023-07-16
Biệt thự,142,9609025124.97944,7,4,Đông,2015,18.97438609437496,Sổ hồng,2023-08-28
Chung cư,94,16059782885.354177,8,3,Nam,2018,19.096481600403017,Sổ hồng,2024-09-28
Chung cư,315,4211627089.909293,6,1,Đông,2016,12.081843572008628,Hợp đồng mua bán,2023-10-04
Chung cư,242,19368528096.520603,8,4,Tây,2000,8.447668032221024,Sổ hồng,2023-07-28
Biệt thự,204,3412166927.888705,5,3,Bắc,2020,6.048397820567235,Sổ đỏ,2023-02-22
Chung cư,370,14588849576.677013,3,1,Tây,2004,10.064414711114074,Sổ đỏ,2024-05-13
Nhà đất,148,12012726870.976349,7,2,Tây,2004,15.54920160488206,Sổ đỏ,2024-04-19
Biệt thự,464,13094155296.37535,2,2,Đông,2007,14.675093511975408,Sổ đỏ,2023-11-26
Chung cư,247,16007928565.089525,7,3,Tây,2021,7.335440910660964,Sổ hồng,2024-01-05
Biệt thự,200,7305319743.96839,7,4,Bắc,2001,5.274849507934265,Sổ hồng,2023-12-16
Nhà đất,459,19391928174.16698,3,3,Tây,2022,18.910912727956923,Hợp đồng mua bán,2024-01-09
Nhà đất,86,12988027687.9537,6,1,Nam,1999,18.372363390322004,Sổ đỏ,2023-06-20
Biệt thự,283,11024003278.85367,8,4,Đông,2000,2.1677814175691057,Sổ đỏ,2023-04-03
Nhà đất,475,8855558419.097748,5,2,Bắc,2014,12.545016962689889,Hợp đồng mua bán,2023-12-19
Nhà đất,316,1763249169.4709237,9,2,Tây,2008,10.399388474161945,Sổ đỏ,2023-04-01
Nhà đất,351,18407836437.707027,1,1,Bắc,2000,12.396769358989562,Sổ hồng,2024-04-14
Nhà đất,86,8372716141.150063,3,4,Nam,2019,16.91354729194589,Hợp đồng mua bán,2024-02-21
Biệt thự,454,13054485848.843967,4,4,Bắc,2012,11.02363166205482,Sổ đỏ,2023-03-24
Biệt thự,399,15760033593.847982,1,1,Bắc,2014,14.39343359611746,Sổ đỏ,2023-02-08
Nhà đất,239,6077175354.754807,4,4,Tây,2004,1.4093359041521447,Sổ hồng,2023-07-04
Biệt thự,386,14496649127.100845,9,4,Bắc,1999,3.4532663561332533,Sổ đỏ,2024-01-20
Nhà đất,205,10424579147.353508,7,2,Tây,2015,16.64634091820809,Sổ đỏ,2023-02-01
Biệt thự,41,10045686629.820972,4,2,Tây,1991,10.928909130976104,Hợp đồng mua bán,2024-01-13
Chung cư,387,9534658257.502663,3,1,Tây,2012,12.472386713983752,Sổ đỏ,2024-09-22
Biệt thự,489,16581426484.26739,4,1,Đông,2023,15.799959528149506,Sổ hồng,2023-08-12
Nhà đất,320,10235936938.43,6,2,Bắc,1993,15.409306647826801,Sổ hồng,2023-04-23
Biệt thự,395,6112163870.729002,3,1,Nam,2007,16.21046869945259,Sổ hồng,2023-01-27
Chung cư,344,16864566091.82227,8,1,Bắc,2022,1.2335695642555322,Hợp đồng mua bán,2023-12-22
Biệt thự,312,16189185823.780684,9,3,Đông,1997,11.115618916984138,Sổ đỏ,2024-10-18
Nhà đất,467,13802975905.891396,5,3,Đông,1999,17.827568200073294,Sổ đỏ,2023-08-28
Biệt thự,369,12550658907.29946,9,4,Đông,2014,1.9955047566622008,Sổ đỏ,2023-07-03
Chung cư,148,14146730917.287657,2,4,Nam,1991,12.049643008208179,Sổ đỏ,2024-07-05
Chung cư,111,5714229896.11535,3,3,Tây,2008,1.385021372326971,Hợp đồng mua bán,2024-09-25
Nhà đất,328,7992982640.111356,8,2,Nam,2019,15.771702134524304,Hợp đồng mua bán,2024-04-19
Chung cư,290,12019561772.89137,1,2,Đông,2011,14.939682579239836,Sổ đỏ,2023-02-10
Nhà đất,396,14464430631.110268,7,4,Bắc,2010,19.126834434822687,Sổ hồng,2023-11-25
Nhà đất,467,5740681609.682447,4,4,Bắc,1993,13.893121329210555,Hợp đồng mua bán,2024-06-17
Nhà đất,212,13399544972.920195,5,4,Đông,2013,10.663374470494212,Sổ hồng,2024-04-11
Chung cư,291,13244953770.693247,6,1,Tây,2007,2.971371970160337,Hợp đồng mua bán,2024-05-13
Chung cư,57,17619705176.307755,6,4,Nam,2019,11.202438215435892,Sổ đỏ,2023-08-13
Nhà đất,222,11824097086.458559,8,4,Nam,2023,12.620912431244198,Sổ đỏ,2024-08-07
Chung cư,43,16922180066.764965,2,3,Đông,2023,17.75424386929913,Hợp đồng mua bán,2023-11-23
Chung cư,334,14765066755.654121,8,1,Nam,2006,8.629706367209698,Sổ hồng,2023-06-14
Chung cư,301,2010044785.8963745,8,2,Bắc,1992,13.628695187392259,Sổ hồng,2023-05-20
Chung cư,156,1982337766.750898,6,3,Đông,2014,19.123124062105298,Hợp đồng mua bán,2024-03-13
Nhà đất,333,2503351249.9166174,1,4,Nam,2001,6.169351770874143,Sổ đỏ,2024-08-14
Nhà đất,336,16548755570.064583,4,1,Đông,1998,5.289460148528484,Sổ hồng,2024-05-11
Biệt thự,351,16402660868.150637,4,3,Nam,2003,5.568128858770005,Sổ hồng,2024-06-11
Biệt thự,487,16983441342.030079,5,3,Đông,2014,6.488572955742297,Hợp đồng mua bán,2023-11-06
Biệt thự,359,13099227684.647703,6,4,Nam,2017,3.936039416580772,Hợp đồng mua bán,2023-10-17
Nhà đất,285,4482134582.688471,6,4,Nam,2000,13.253967324742106,Sổ đỏ,2023-03-02
Biệt thự,234,18624389660.271557,7,2,Đông,1991,9.140973040470845,Sổ hồng,2023-05-21
Biệt thự,408,1497146487.1624167,3,1,Nam,2022,10.85042335328117,Sổ hồng,2024-04-22
Nhà đất,499,8697998766.712978,7,4,Bắc,1994,8.693932025136174,Sổ hồng,2024-04-12
Biệt thự,322,1336127391.1924894,1,2,Tây,2004,9.13626346528279,Sổ hồng,2024-01-23
Biệt thự,147,4758455879.113109,4,1,Tây,1997,9.29545909332218,Hợp đồng mua bán,2023-01-17
Nhà đất,273,19226903027.466637,2,4,Đông,2004,6.51607130739907,Sổ đỏ,2024-06-04
Nhà đất,445,15001723757.835964,1,1,Đông,1991,9.495684020405575,Sổ đỏ,2024-09-24
Nhà đất,73,14371087417.482002,3,4,Bắc,2023,9.30101966053914,Sổ hồng,2024-02-09
Biệt thự,261,17941448968.34942,5,1,Tây,1994,0.8519069782179689,Sổ đỏ,2024-02-10
Chung cư,257,14962004356.228758,5,2,Nam,2010,13.538813280099468,Sổ đỏ,2023-11-22
Biệt thự,487,13206301929.39847,7,2,Bắc,1994,13.897289841293428,Hợp đồng mua bán,2023-10-06
Chung cư,57,2320514163.7883916,5,2,Nam,1996,17.690230474975294,Sổ hồng,2023-12-25
Chung cư,231,11447543055.771393,2,2,Tây,2002,5.290597212279444,Sổ đỏ,2024-09-05
Biệt thự,368,11373760100.573484,2,3,Tây,2013,15.97915244812857,Sổ hồng,2023-03-21
Biệt thự,116,16423791353.116564,2,3,Tây,2002,16.46775311408358,Sổ đỏ,2023-09-08
Nhà đất,498,13102585611.568678,2,4,Đông,2001,2.2674734589230483,Sổ đỏ,2024-03-11
Biệt thự,380,5848543904.096891,2,2,Bắc,2021,3.611662969599969,Hợp đồng mua bán,2024-01-25
Biệt thự,373,7142235864.793813,8,4,Bắc,2000,14.142332929737,Sổ đỏ,2024-06-14
Chung cư,397,14966610095.964163,3,4,Đông,2006,4.345473686884571,Hợp đồng mua bán,2024-05-09
Nhà đất,434,13564792226.770643,3,1,Nam,2015,1.726500470883321,Sổ hồng,2024-08-05
Chung cư,136,10927746655.018654,6,2,Đông,2008,12.184187007478098,Sổ hồng,2023-06-10
Biệt thự,245,3293989964.553112,6,4,Bắc,2023,5.0982158151919865,Sổ đỏ,2024-08-01
Biệt thự,433,19347623006.217487,4,1,Tây,2001,16.679053067172912,Hợp đồng mua bán,2024-02-02
Nhà đất,114,17362471382.533516,4,3,Tây,2005,17.692446196274037,Sổ đỏ,2024-03-28
Biệt thự,428,3905189091.6564817,1,4,Bắc,2014,13.489486611242858,Sổ đỏ,2024-10-19
Chung cư,224,3471959797.3924727,4,1,Đông,1996,15.890041561497423,Hợp đồng mua bán,2023-03-17
Biệt thự,62,12546947340.87521,2,1,Đông,2012,1.769665241566698,Sổ đỏ,2024-02-24
Biệt thự,135,5331963951.434788,4,1,Đông,2016,3.4403523914367184,Sổ hồng,2024-03-10
Biệt thự,439,13382987776.487925,5,3,Tây,2015,9.990874735311372,Hợp đồng mua bán,2023-04-23
Chung cư,192,19593065577.24012,7,4,Nam,2008,3.840806007469648,Sổ hồng,2024-06-14
Chung cư,223,8400697457.848847,5,2,Đông,2023,19.047792756232628,Sổ đỏ,2023-12-26
Nhà đất,271,8499920711.07172,5,4,Đông,2008,16.404773911904897,Sổ hồng,2023-06-21
Chung cư,158,15139580196.189034,1,1,Tây,2004,18.64999727019166,Sổ hồng,2023-11-03
Nhà đất,39,13453723697.157452,7,3,Đông,2008,17.14471757846121,Sổ hồng,2024-05-25
Nhà đất,123,8645945476.45867,6,3,Nam,2002,13.818349686601055,Sổ hồng,2023-07-03
Nhà đất,213,10108732897.867758,7,4,Tây,2006,17.57327813422625,Sổ đỏ,2024-03-11
Chung cư,388,13606633304.61072,3,3,Đông,2009,14.69827449802765,Hợp đồng mua bán,2023-09-04
Biệt thự,487,18558417138.977818,4,2,Tây,1995,5.050062640113396,Hợp đồng mua bán,2023-02-02
Chung cư,51,5025195293.172183,4,4,Bắc,2011,14.755367683182687,Hợp đồng mua bán,2023-06-08
Nhà đất,243,3577176265.380305,1,1,Bắc,1992,6.158699333112878,Sổ hồng,2023-08-30
Biệt thự,365,2116109039.8683858,3,3,Nam,2014,17.36067828093448,Sổ đỏ,2023-09-06
Nhà đất,184,2846521974.2377768,6,3,Đông,2020,9.816261342676118,Hợp đồng mua bán,2024-01-04
Chung cư,461,5468698219.0251875,7,1,Bắc,1999,19.24705279762064,Sổ đỏ,2024-06-16
Nhà đất,475,5718679019.6783,7,4,Tây,2003,6.73444007374737,Sổ đỏ,2024-07-07
Nhà đất,445,16408968609.408905,2,1,Bắc,1994,9.053321860456908,Sổ hồng,2023-06-25
Chung cư,482,18845055031.42294,7,4,Tây,2014,10.512864007909403,Sổ đỏ,2023-09-18
Chung cư,72,8753923224.497198,6,1,Tây,2023,16.146268683730035,Sổ hồng,2024-01-10
Biệt thự,498,19599531178.96679,2,2,Nam,1993,11.966204218982979,Sổ đỏ,2023-04-25
Chung cư,320,18068625202.786583,6,3,Nam,2001,14.152318958820649,Hợp đồng mua bán,2023-01-05
Chung cư,492,18422272938.771233,8,3,Đông,2010,3.804574662625684,Hợp đồng mua bán,2024-08-22
Biệt thự,364,4174502542.13664,6,2,Nam,1999,0.606408980362414,Sổ hồng,2024-06-23
Nhà đất,159,4878732109.873368,2,4,Nam,1998,3.3412044281439024,Hợp đồng mua bán,2024-09-18
Chung cư,50,5954092181.379712,6,1,Đông,2014,19.39768735305316,Hợp đồng mua bán,2023-12-10
Chung cư,68,19641434565.751995,2,1,Bắc,1990,12.514105810996007,Hợp đồng mua bán,2024-05-01
Nhà đất,232,4979947159.274242,2,2,Đông,2003,10.87964726130445,Sổ hồng,2024-02-04
Chung cư,51,14561413661.640486,3,4,Đông,2016,3.0420893348958455,Sổ đỏ,2024-03-08
Chung cư,277,3583649173.474293,4,3,Nam,2008,1.6261278160307557,Sổ hồng,2023-10-24
Nhà đất,130,7215232979.059426,4,3,Bắc,2023,15.559130297060156,Sổ đỏ,2024-04-04
Nhà đất,401,14820797805.046955,2,3,Bắc,1998,7.593903441511323,Sổ đỏ,2023-06-12
Nhà đất,321,11169524133.912876,6,2,Bắc,2009,2.4752312251052855,Hợp đồng mua bán,2023-02-02
Chung cư,336,8324504915.82603,6,4,Bắc,2006,2.615893787454482,Sổ hồng,2024-04-09
Chung cư,242,2149174243.0810075,2,1,Bắc,2007,4.135065764826182,Hợp đồng mua bán,2023-06-01
Nhà đất,499,16540786624.776054,8,4,Nam,2011,9.132429246128464,Sổ hồng,2024-07-10
Chung cư,415,3876048313.407093,1,2,Bắc,2018,19.18137068968413,Sổ hồng,2023-10-19
Nhà đất,95,19803407536.668324,2,1,Nam,2013,2.5505785578669715,Sổ đỏ,2024-01-18
Nhà đất,285,17002221232.27429,1,2,Nam,2003,1.0307222677604333,Sổ đỏ,2024-01-03
Nhà đất,278,8141099782.951626,8,1,Nam,2000,5.0791263575678265,Sổ đỏ,2023-08-20
Chung cư,48,19350139840.543285,4,3,Đông,1990,7.734578735955504,Sổ hồng,2024-03-25
Chung cư,130,9642849421.53658,7,2,Nam,2015,4.631250017336852,Hợp đồng mua bán,2024-04-17
Nhà đất,100,9233248660.397074,5,2,Đông,2000,16.830008285718247,Sổ hồng,2024-06-08
Nhà đất,232,7794371528.133337,7,4,Nam,2002,19.944096199363074,Sổ hồng,2023-12-17
Biệt thự,466,18947915623.973736,5,2,Bắc,2009,11.271361218903358,Sổ hồng,2023-05-14
Chung cư,31,14361988603.630493,6,4,Nam,1993,1.588824359314036,Hợp đồng mua bán,2023-12-27
Biệt thự,317,4969713998.053342,6,4,Đông,2014,10.529939581183257,Hợp đồng mua bán,2023-09-01
Biệt thự,314,17782956188.08515,1,4,Đông,2023,18.623921332477778,Sổ hồng,2024-06-10
Nhà đất,405,6173819362.176017,9,4,Tây,2018,5.68424447085476,Sổ đỏ,2023-04-21
Biệt thự,62,6354622825.120148,9,1,Nam,2002,13.430500725649965,Sổ hồng,2023-12-06
Chung cư,85,1418027822.623838,1,1,Đông,2005,5.401087387968686,Hợp đồng mua bán,2023-05-12
Biệt thự,311,10651752786.14448,7,1,Tây,1993,4.313911375961439,Sổ đỏ,2024-05-07
Nhà đất,135,2816971766.5141687,6,3,Nam,2003,7.524550191861685,Sổ đỏ,2024-10-25
Biệt thự,294,2501668441.69671,5,1,Bắc,1998,16.05319715358954,Sổ hồng,2024-07-25
Chung cư,265,18087496456.52416,8,4,Đông,2022,15.625009573658463,Sổ hồng,2024-03-25
Nhà đất,199,8140204252.472767,2,2,Bắc,1993,15.00772906830451,Sổ đỏ,2023-10-27
Biệt thự,446,13069600497.379719,9,3,Tây,1990,4.090199132758626,Sổ đỏ,2024-01-06
Nhà đất,112,16283970947.749783,9,2,Bắc,1997,14.28582040888119,Hợp đồng mua bán,2023-05-24
Nhà đất,184,11612407076.698326,6,1,Bắc,2009,2.8264387250414558,Sổ hồng,2024-09-05
Biệt thự,54,13167024190.742556,9,3,Tây,1994,14.150766375813058,Sổ hồng,2024-10-19
Chung cư,150,2306594462.5695786,7,1,Nam,2008,6.971541954286733,Sổ đỏ,2023-10-18
Biệt thự,238,4712314495.4579,6,1,Tây,2019,7.646803417058656,Sổ hồng,2023-12-07
Nhà đất,108,8614415175.375097,9,2,Nam,1999,5.9720559929542,Hợp đồng mua bán,2024-04-14
Chung cư,217,12778138564.46576,9,2,Đông,2008,1.605207936393389,Sổ hồng,2023-05-22
Chung cư,174,14376604254.12766,2,4,Nam,2017,2.6286092352517842,Sổ đỏ,2024-09-04
Biệt thự,487,11708611634.7371,6,2,Đông,1993,3.8904730432042856,Sổ đỏ,2023-02-07
Chung cư,53,19624848665.23959,9,4,Đông,2021,11.756795035721261,Sổ đỏ,2023-08-14
Chung cư,241,7236775316.771948,3,1,Nam,1994,19.68528167072514,Sổ đỏ,2023-02-02
Chung cư,61,6688571045.91541,6,3,Tây,2003,16.078195535631504,Sổ đỏ,2023-02-18
Biệt thự,233,1070319280.0907693,7,1,Tây,2015,13.794114385125344,Sổ đỏ,2024-07-21
Chung cư,36,11008006228.87292,2,3,Bắc,2018,0.6418641060645847,Sổ hồng,2023-03-27
Biệt thự,242,1060933434.6750327,5,4,Đông,2015,8.30558533239291,Hợp đồng mua bán,2023-10-11
Biệt thự,414,8437660538.855395,3,2,Tây,2006,7.453577659544912,Sổ hồng,2024-07-31
Chung cư,93,5848075673.524112,1,1,Tây,2014,14.995851724302566,Sổ hồng,2024-09-29
Nhà đất,162,6565787501.093594,2,3,Bắc,2001,11.083147708803773,Sổ đỏ,2024-08-15
Chung cư,430,4312240512.892698,3,2,Nam,2008,19.58336426065341,Sổ hồng,2023-07-14
Nhà đất,258,17715892720.284843,9,1,Bắc,2005,19.025570997986012,Sổ hồng,2024-05-18
Biệt thự,212,4376237584.395851,5,1,Đông,1997,5.726306040776626,Sổ đỏ,2023-03-31
Chung cư,303,17787876547.873398,8,3,Nam,2000,14.715006487364723,Sổ đỏ,2023-03-27
Biệt thự,343,4085253221.6941633,8,1,Bắc,1999,14.182273598394508,Sổ đỏ,2023-10-18
Biệt thự,239,18788926039.918835,4,3,Đông,1999,4.705443958553925,Sổ hồng,2024-07-07
Biệt thự,260,6002726940.51969,5,3,Tây,2007,19.258236436245635,Sổ hồng,2024-09-24
Biệt thự,475,13192530065.429586,5,2,Đông,2000,0.40761387971845364,Sổ đỏ,2023-05-15
Chung cư,157,13112063397.748686,7,3,Tây,1998,16.91666339229161,Sổ đỏ,2023-07-25
Nhà đất,133,6319946024.643767,3,3,Nam,2011,10.013989451494094,Hợp đồng mua bán,2023-12-12
Chung cư,130,9264753990.686905,4,3,Bắc,2006,19.21938517980182,Sổ hồng,2023-09-24
Biệt thự,139,4478760534.757083,4,4,Bắc,1994,4.830463433999698,Sổ hồng,2024-02-27
Nhà đất,488,18286026305.776146,9,4,Đông,2002,13.733514197589358,Sổ đỏ,2023-06-18
Nhà đất,278,5958704013.667912,4,4,Tây,2006,18.91816577271609,Hợp đồng mua bán,2024-03-30
Nhà đất,123,1227875209.5113835,6,4,Đông,1996,19.496651646744834,Sổ hồng,2023-09-14
Nhà đất,480,19248068510.995766,3,3,Nam,2022,4.072464494750754,Sổ hồng,2023-10-19
Chung cư,164,19555491415.6614,4,3,Tây,2007,17.848555313827653,Sổ đỏ,2024-09-24
Nhà đất,249,13786837571.43619,7,4,Đông,1998,15.379890139351254,Sổ hồng,2023-07-09
Chung cư,337,12066012899.29255,8,2,Đông,1994,2.4889152080119414,Sổ đỏ,2023-02-22
Biệt thự,244,5399490009.197605,8,1,Đông,2022,9.423718967671686,Hợp đồng mua bán,2023-05-02
Nhà đất,414,12159808258.098083,8,1,Đông,2007,9.392288803944046,Sổ đỏ,2023-06-19
Chung cư,351,2811111086.9789977,2,2,Tây,2014,1.7898908495603982,Sổ hồng,2023-12-23
Biệt thự,238,10703478156.126146,4,3,Nam,2013,12.431344312356085,Sổ đỏ,2023-09-19
Biệt thự,54,5463865434.881854,9,3,Nam,2001,1.9403449471126177,Sổ hồng,2023-08-28
Biệt thự,231,17673814558.81838,8,2,Bắc,2005,16.432483392188995,Sổ hồng,2024-03-30
Chung cư,165,13915149090.991209,2,1,Bắc,2008,15.844434433398673,Sổ đỏ,2024-03-16
Biệt thự,161,3598160277.882971,5,3,Đông,1997,8.995640596444632,Sổ đỏ,2023-02-16
Nhà đất,303,4819037615.727103,9,1,Đông,2005,1.5621756553242094,Hợp đồng mua bán,2023-03-14
Nhà đất,457,18880936066.404114,6,1,Bắc,2006,4.158023000752862,Sổ hồng,2024-03-24
Biệt thự,309,2029627277.9212492,8,2,Tây,2002,14.028007801125057,Sổ hồng,2024-07-22
Biệt thự,285,16173849604.343025,8,2,Đông,2003,16.12370052946677,Hợp đồng mua bán,2023-11-12
Chung cư,267,13714132102.406319,5,4,Bắc,1998,7.956221339051912,Sổ đỏ,2023-02-12
Biệt thự,409,16337323628.927464,1,1,Bắc,2007,14.97194481867952,Sổ hồng,2023-06-16
Nhà đất,231,17062733726.993364,7,1,Nam,2023,15.38794340432075,Sổ đỏ,2024-05-11
Nhà đất,198,14728607610.499403,4,2,Đông,1992,2.6239812586914435,Sổ hồng,2024-02-26
Biệt thự,257,11523880160.249151,4,2,Nam,2021,10.196759493550402,Sổ hồng,2023-09-03
Chung cư,421,2612647636.0623083,4,1,Đông,2017,6.282726856151928,Hợp đồng mua bán,2023-12-23
Chung cư,179,5482505789.677703,3,4,Bắc,1996,5.170359833724163,Sổ đỏ,2024-01-31
Chung cư,81,15124220384.919867,1,4,Nam,2005,10.189011735964906,Sổ hồng,2023-02-26
Biệt thự,179,19375229152.819393,3,4,Nam,2005,5.611911086602159,Hợp đồng mua bán,2024-09-30
Biệt thự,394,12941409656.59144,7,2,Tây,2018,11.628427305613439,Hợp đồng mua bán,2023-05-11
Nhà đất,149,2310492172.9422746,1,4,Đông,2000,3.716007481472896,Sổ đỏ,2023-07-20
Nhà đất,269,17570973630.2424,5,1,Tây,2023,13.496099479335763,Sổ hồng,2023-01-16
Chung cư,80,6150386723.403292,4,4,Tây,2005,5.9551614906397194,Sổ đỏ,2023-04-11
Nhà đất,459,7284006021.878898,4,2,Nam,2001,7.938611177689305,Sổ đỏ,2023-03-30
Biệt thự,331,16381418654.456469,3,2,Đông,2018,7.536973262009836,Sổ hồng,2023-07-16
Biệt thự,78,16352088733.681698,4,1,Tây,2004,11.415389213215057,Hợp đồng mua bán,2023-11-19
Biệt thự,33,3575594456.553745,5,2,Đông,2020,5.015065969538552,Sổ đỏ,2023-01-25
Chung cư,447,5198825773.160212,6,2,Tây,1990,19.959959515526663,Hợp đồng mua bán,2024-05-28
Chung cư,206,3933616992.734365,8,4,Tây,2015,19.701353850338784,Sổ đỏ,2023-05-28
Chung cư,87,16572029933.213085,2,2,Tây,1993,2.1070706513407567,Hợp đồng mua bán,2024-05-04
Nhà đất,85,12398605250.871416,2,1,Đông,2012,17.214278193391714,Sổ đỏ,2024-02-08
Chung cư,181,7500158993.681562,9,3,Tây,2006,0.08259562073934079,Sổ hồng,2023-02-13
Chung cư,93,14592191210.515905,7,1,Nam,1991,6.999860780802503,Sổ hồng,2023-03-20
Chung cư,142,6255314444.575005,4,1,Bắc,1993,15.335836912977033,Sổ hồng,2023-03-15
Nhà đất,354,17784833043.25132,2,4,Bắc,1999,6.1004815916526205,Sổ hồng,2023-01-08
Nhà đất,391,16809078232.66715,5,1,Đông,2022,2.6610572750456662,Sổ hồng,2023-07-04
Biệt thự,414,1769915364.035015,3,1,Tây,2021,1.670697786669726,Sổ hồng,2024-04-21
Biệt thự,90,12633567124.98626,4,2,Tây,2018,19.462013041807936,Sổ hồng,2024-05-12
Chung cư,78,7404670289.656051,4,4,Nam,2004,18.550318175205057,Hợp đồng mua bán,2023-05-28
Chung cư,85,7813179256.551498,5,2,Tây,2005,16.054702429772085,Sổ hồng,2023-01-08
Chung cư,302,1248264562.0076969,3,3,Bắc,1996,10.942528291625269,Sổ hồng,2024-07-18
Chung cư,360,10237167213.602175,7,3,Đông,1999,6.687395521098402,Sổ hồng,2023-07-20
Chung cư,98,2321580728.2023196,2,4,Tây,2004,18.290111831458773,Hợp đồng mua bán,2024-07-30
Chung cư,362,18748566300.193882,9,3,Nam,2022,12.00105979664472,Hợp đồng mua bán,2024-04-10
Nhà đất,269,3364460582.1961803,7,2,Đông,2010,7.344799286849167,Sổ đỏ,2024-02-18
Biệt thự,357,11607712482.479897,8,3,Tây,2004,14.06179429765277,Sổ đỏ,2023-12-21
Nhà đất,183,12772816909.81649,6,4,Nam,1996,1.4489167718291718,Hợp đồng mua bán,2023-01-10
Nhà đất,164,12943154033.969984,7,3,Đông,1999,15.996931875636509,Sổ đỏ,2024-09-28
Nhà đất,329,6086303094.3661375,4,4,Nam,2018,10.603580428387147,Sổ đỏ,2023-07-11
Chung cư,445,4825594397.9101,7,2,Nam,2011,7.712293067100071,Sổ hồng,2024-04-27
Nhà đất,117,4766959961.505712,7,2,Nam,2009,7.105426354848186,Hợp đồng mua bán,2023-11-02
